label,v4,v5
eq:spinor,1,1
eq:pullback,2,2
eq:ecl,3,3
eq:counterduction,4,4
eq:full_projection,4a,5
eq:time_types,5,6
eq:mode_expansion,6,7
eq:gaussian,7,8
eq:factorization,8,9
eq:width,9,10
eq:isometry,10,11
eq:adjoint,11,12
eq:expectation_lift,12,13
eq:g2d,13,14
eq:interaction,14,15
eq:kappa,15,16
eq:column,16,17
eq:kinetic,17,18
eq:energy_bound,18,19
eq:minimum_width,19,20
eq:scaling_width,20,21
eq:numeric_width,21,22
eq:readout_gap,21a,23
eq:conditional_axial_thermal,21b,24
eq:sensitivity,22,25
eq:scaled,23,26
eq:ab,24,27
eq:spin_motion,25,28
eq:dispersion,26,29
eq:commutator,27,30
eq:QP,28,31
eq:Hmode,29,32
eq:isotropicH,30,33
eq:covariance,31,34
eq:field_variances,32,35
eq:Cdefinition,33,36
eq:detC,34,37
eq:symplectic,35,38
eq:tomography,36,39
eq:general_amplitude,37,40
eq:SY,38,41
eq:anisotropy_identity,39,42
eq:AY,40,43
eq:ambiguity_cov,41,44
eq:readoutS,42,45
eq:finite_rotation,43,46
eq:occupation,44,47
eq:coth,45,48
eq:slope,46,49
eq:mode_measure,47,50
eq:expanded_dispersion,48,51
eq:relativistic,49,52
eq:measurement_chain,50,53
eq:structure_split,51,54
eq:thinning,52,55
eq:adiabatic,53,56
eq:lab_dynamics,54,57
eq:reparameterized,55,58
eq:phase_invariant,56,59
eq:born_effect,57,60
eq:pushforward,58,61
eq:degeneracy,59,62
eq:lambda_validity,59a,63
eq:formfactor,60,64
eq:equal_likelihood,61,65
eq:spectral_dimension,62,66
eq:confinement_prediction,63,67
eq:dimensionless,64,68
eq:vacuum_collapse,65,69
eq:tomography_checks,66,70
eq:Ci,67,71
eq:Sf,68,72
eq:quench_covariance,69,73
eq:quench_amplitude,70,74
eq:quench_source,71,75
eq:schur,72,76
eq:projection_assumptions,73,77
eq:projection_error,74,78
eq:pulse_leakage_bound,74a,79
eq:q_family,75,80
eq:width_uncertainty,76,81
eq:coupling_uncertainty,77,82
eq:closure_chain,78,83
